driver_id,name,age,gender,city,experience_years,company_id
DRV0001,Nikhil Nair,28.0,Male,PUNE,4.0,CMP06
DRV0002,Ganesh Sharma,31.0,Male,Kolkata,14.0,CMP03
DRV0003,Vihaan Yadav,43.0,Female,Chandigarh,13.0,CMP04
DRV0004,Rahul Mishra,21.0,Female, Ahmedabad,3.0,CMP04
DRV0005,Isha Yadav,38.0,Female,Hyderabad,1.0,CMP01
DRV0006,Pooja Singh,21.0,Male,DELHI,7.0,CMP07
DRV0007,Isha Rao,27.0,Female,  Chandigarh  ,3.0,CMP06
DRV0008,Pari Gupta,40.0,Male,lucknow,4.0,CMP07
DRV0009,Aarav Singh,50.0,Female,DELHI,3.0,CMP08
DRV0010,Rohan Reddy,31.0,Female,Kolkata,13.0,CMP04
DRV0011,Aditya Kapoor,38.0,Male, Jaipur,8.0,CMP04
DRV0012,Diya Joshi,26.0,Female,Chennai,8.0,CMP07
DRV0013,Aarav Rathore,34.0,Female,Kolkata,6.0,CMP03
DRV0014,Shreya Desai,39.0,Female,DELHI,,CMP01
DRV0015,Karan Rao,33.0,Female,Hyderabad,4.0,CMP07
DRV0016,Karan Tiwari,35.0,Male, Indore,6.0,CMP06
DRV0017,Imran Dubey,32.0,Female,Chandigarh,0.0,
DRV0018,Diya Desai,46.0,male,  Hyderabad  ,2.0,CMP05
DRV0019,Nikhil Sharma,,Female,Lucknow,0.0,CMP01
DRV0020,Vihaan Chopra,28.0,M,  Mumbai  ,10.0,CMP01
DRV0021,Simran Chopra,16.0,Female,PUNE,4.0,CMP99
DRV0022,Pari Bhatt,40.0,Male,  Noida  ,2.0,CMP06
DRV0023,Rohan Tiwari,30.0,Male,Bhopal,7.0,CMP06
DRV0024,Kiara Mishra,35.0,Male,Mumbai,8.0,CMP08
DRV0025,Vivaan Reddy,20.0,Female,Bhopal,3.0,CMP07
DRV0026,Ganesh Tiwari,44.0,Female,Bangalore,4.0,CMP01
DRV0027,Manish Saxena,42.0,Male,Gurugram,9.0,CMP02
DRV0028,Aarav Nair,31.0,Female,Delhi,9.0,CMP08
DRV0029,Rohan Dubey,20.0,Female,Lucknow,3.0,CMP03
DRV0030,Dhruv Agarwal,38.0,Female,hyderabad,52.0,CMP02
DRV0031,Nikhil Rathore,42.0,Female,FARIDABAD,6.0,CMP05
DRV0032,Rehan Nair,41.0,Male,Hyderabad,11.0,CMP05
DRV0033,Riya Sharma,40.0,Male,Bangalore,5.0,CMP05
DRV0034,Karan Menon,,Male,Bangalore,8.0,CMP07
DRV0035,Pooja Tiwari,20.0,Male, Lucknow,5.0,CMP06
DRV0036,Isha Bansal,40.0,Male,bhopal,0.0,CMP05
DRV0037,Sai Bansal,20.0,Female,KOLKATA,4.0,CMP02
DRV0038,Rehan Mishra,37.0,Female, Gurugram,,CMP08
DRV0039,Arjun Desai,41.0,Female,Kolkata,9.0,CMP01
DRV0040,Rohan Tiwari,36.0,Male,pune,56.0,CMP02
DRV0041,Sandeep Menon,45.0,Female,indore,5.0,CMP06
DRV0042,Reyansh Kumar,34.0,Male,PUNE,8.0,CMP01
DRV0043,Karan Dubey,24.0,Male,NOIDA,1.0,CMP02
DRV0044,Tanvi Bhatt,28.0,Male,BANGALORE,4.0,CMP08
DRV0045,Amit Sharma,38.0,Female,  Pune  ,3.0,CMP04
DRV0046,Kiara Malhotra,29.0,Female,bangalore,0.0,CMP02
DRV0047,,30.0,Male,Chandigarh,11.0,CMP08
DRV0048,Pooja Sharma,33.0,Male,CHANDIGARH,11.0,CMP08
DRV0049,Farhan Bansal,,F,Ahmedabad,7.0,CMP06
DRV0050,Kavya Khan,38.0,Female,Lucknow,5.0,CMP05
DRV0051,Ishaan Rathore,36.0,Female,NOIDA,,CMP01
DRV0052,Sai Chauhan,39.0,Male,Mumbai,0.0,CMP07
DRV0053,Kavya Mishra,49.0,F,Delhi,9.0,CMP01
DRV0054,Vivaan Rathore,25.0,Male,  Chennai  ,3.0,CMP07
DRV0055,Ayaan Desai,24.0,Male,Chennai,57.0,CMP05
DRV0056,Navya Gupta,,Female,Chandigarh,3.0,CMP03
DRV0057,Ramesh Tiwari,29.0,Male,  Bhopal  ,4.0,CMP06
DRV0058,Ayaan Dubey,14.0,Female,NOIDA,8.0,CMP04
DRV0059,Ananya Ansari,40.0,Female,GURUGRAM,1.0,CMP08
DRV0060,Pooja Kapoor,36.0,Female,Chennai,5.0,CMP03
DRV0061,,43.0,Female,INDORE,2.0,CMP06
DRV0062,Saanvi Kapoor,35.0,Female,Pune,4.0,CMP07
DRV0063,Aryan Chauhan,44.0,Male,Bhopal,7.0,CMP08
DRV0064,Vivaan Kumar,34.0,Female,Ahmedabad,3.0,CMP03
DRV0065,Ishaan Bhatt,32.0,Female, Bangalore,1.0,CMP03
DRV0066,Reyansh Dubey,35.0,Female, Faridabad,5.0,CMP02
DRV0067,Suresh Pandey,23.0,Male,ahmedabad,2.0,CMP05
DRV0068,Sneha Menon,38.0,Male,Faridabad,3.0,CMP03
DRV0069,Ramesh Chopra,41.0,Male,noida,6.0,CMP06
DRV0070,Rehan Rathore,28.0,Male,FARIDABAD,3.0,CMP01
DRV0071,Rehan Gupta,34.0,Male,Ahmedabad,3.0,
DRV0072,Kiara Gupta,42.0,Female,Delhi,6.0,CMP06
DRV0073,Priya Iyer,44.0,F, Mumbai,,CMP05
DRV0074,Shreya Yadav,37.0,F,chandigarh,1.0,CMP07
DRV0075,Myra Ansari,39.0,Male,JAIPUR,5.0,CMP07
DRV0076,Zara Rathore,34.0,Male,Lucknow,4.0,CMP01
DRV0077,Amit Agarwal,-42.0,Male,Gurugram,7.0,CMP99
DRV0078,Saanvi Chauhan,31.0,male,Pune,7.0,CMP04
DRV0079,Sai Tiwari,24.0,Male,Delhi,13.0,CMP03
DRV0080,Rohan Iyer,16.0,Male,Bhopal,,CMP01
DRV0081,Isha Iyer,29.0,Male,  Indore  ,9.0,CMP06
DRV0082,Pooja Chauhan,27.0,Male,Chennai,7.0,CMP03
DRV0083,Aarav Menon,19.0,Female,Hyderabad,11.0,CMP07
DRV0084,Rehan Sharma,44.0,Female,  Hyderabad  ,0.0,CMP01
DRV0085,Anika Saxena,42.0,Female,Mumbai,7.0,CMP08
DRV0086,Farhan Reddy,34.0,Male,PUNE,7.0,CMP02
DRV0087,Priya Dubey,36.0,Male,JAIPUR,13.0,CMP05
DRV0088,Nikhil Shah,33.0,Male,AHMEDABAD,3.0,CMP06
DRV0089,Kabir Chauhan,31.0,Female,  Ahmedabad  ,5.0,CMP06
DRV0090,Aadhya Verma,39.0,Female,Gurugram,0.0,CMP05
DRV0091,Farhan Pandey,39.0,Male,Lucknow,7.0,CMP04
DRV0092,Sai Tiwari,38.0,Male,Lucknow,4.0,CMP02
DRV0093,Neha Malhotra,31.0,Female,Bangalore,10.0,CMP06
DRV0094,Manish Rao,28.0,Male,hyderabad,10.0,CMP06
DRV0095,Sai Dubey,34.0,Male,Gurugram,6.0,CMP02
DRV0096,Vivaan Dubey,30.0,Male,FARIDABAD,7.0,
DRV0097,Ramesh Dubey,30.0,F,Lucknow,8.0,CMP07
DRV0098,Pooja Khan,33.0,Male,Indore,8.0,CMP02
DRV0099,Kiara Shah,45.0,Male,  Jaipur  ,7.0,CMP08
DRV0100,Saanvi Nair,,Male,Noida,10.0,CMP04
DRV0101,Saanvi Shah,25.0,Male,Gurugram,8.0,CMP06
DRV0102,Ishaan Rao,43.0,male,Indore,7.0,CMP06
DRV0103,Reyansh Mishra,29.0,Female, Delhi,4.0,CMP03
DRV0104,Ayesha Iyer,36.0,Female,Gurugram,11.0,CMP06
DRV0105,Krishna Joshi,33.0,,chandigarh,2.0,CMP08
DRV0106,Vivaan Tiwari,42.0,M,Jaipur,11.0,CMP04
DRV0107,Aditya Dubey,41.0,Male,MUMBAI,0.0,CMP01
DRV0108,Rehan Desai,24.0,Male,Bangalore,7.0,CMP01
DRV0109,Rahul Desai,27.0,Female,Bhopal,,CMP05
DRV0110,Isha Desai,35.0,Female,  Bangalore  ,4.0,CMP01
DRV0111,Riya Joshi,41.0,Male,Delhi,8.0,CMP05
DRV0112,Ayesha Sharma,28.0,Male,Hyderabad,8.0,
DRV0113,Navya Nair,45.0,Male,Kolkata,5.0,CMP04
DRV0114,Rehan Rao,25.0,Female,Delhi,4.0,CMP02
DRV0115,Aditya Khan,41.0,Male,KOLKATA,7.0,CMP02
DRV0116,Dhruv Reddy,26.0,Female,  Chandigarh  ,8.0,CMP02
DRV0117,Myra Iyer,36.0,Male,FARIDABAD,5.0,CMP08
DRV0118,Ananya Patel,42.0,Female,mumbai,12.0,CMP99
DRV0119,Aditya Desai,47.0,Male,Gurugram,6.0,
DRV0120,Priya Saxena,34.0,Female,CHENNAI,4.0,CMP06
DRV0121,Vivaan Dubey,42.0,Male,DELHI,8.0,CMP04
DRV0122,Riya Menon,41.0,Male,FARIDABAD,4.0,CMP08
DRV0123,Arjun Mishra,23.0,Female, Ahmedabad,7.0,CMP04
DRV0124,Farhan Desai,28.0,Male,kolkata,6.0,CMP06
DRV0125,Aarav Joshi,41.0,Male,Bangalore,5.0,CMP02
DRV0126,Suresh Shah,49.0,Male,Indore,0.0,CMP03
DRV0127,,35.0,Male,Jaipur,7.0,CMP02
DRV0128,Krishna Bhatt,56.0,F,chandigarh,6.0,CMP03
DRV0129,Manish Shah,44.0,Male,  Hyderabad  ,1.0,CMP05
DRV0130,Anika Rao,43.0,M,gurugram,4.0,CMP05
DRV0131,Priya Chopra,39.0,Male,Delhi,,CMP02
DRV0132,Ganesh Shah,,Male,Jaipur,5.0,CMP06
DRV0133,Priya Saxena,36.0,Male,chandigarh,8.0,CMP05
DRV0134,Sai Shah,34.0,Female,Chennai,7.0,CMP04
DRV0135,Priya Rathore,33.0,Female,Gurugram,16.0,CMP07
DRV0136,Sai Iyer,25.0,Male, Lucknow,4.0,CMP02
DRV0137,Farhan Verma,29.0,Male,Noida,2.0,CMP08
DRV0138,Diya Agarwal,49.0,Male,BANGALORE,2.0,CMP01
DRV0139,Aarav Iyer,21.0,Female,AHMEDABAD,48.0,CMP08
DRV0140,Vivaan Menon,32.0,Male,JAIPUR,9.0,CMP08
DRV0141,Pari Sharma,38.0,Female,Bhopal,9.0,CMP07
DRV0142,Priya Mishra,24.0,Male, Jaipur,2.0,CMP01
DRV0143,Aadhya Gupta,40.0,M,  Gurugram  ,13.0,CMP06
DRV0144,Karan Ansari,31.0,F,Bhopal,14.0,CMP08
DRV0145,Manish Singh,36.0,Female,  Hyderabad  ,2.0,CMP02
DRV0146,Isha Malhotra,33.0,Male,Chennai,6.0,CMP04
DRV0147,Ananya Singh,34.0,Female,Lucknow,2.0,CMP04
DRV0148,Aditya Malhotra,,Male,delhi,4.0,CMP02
DRV0149,Aarav Gupta,25.0,Male,Noida,,CMP08
DRV0150,Myra Tiwari,30.0,male,GURUGRAM,4.0,
DRV0151,Zara Bansal,29.0,Male,NOIDA,2.0,CMP06
DRV0152,Farhan Gupta,14.0,Male,JAIPUR,2.0,CMP05
DRV0153,Arjun Sharma,34.0,Female,bhopal,7.0,
DRV0154,Suresh Bhatt,30.0,M,indore,1.0,CMP02
DRV0155,Rehan Bhatt,39.0,Male,Indore,4.0,CMP01
DRV0156,Manish Rao,39.0,F, Noida,6.0,CMP05
DRV0157,Imran Verma,18.0,Male,Mumbai,3.0,CMP07
DRV0158,Navya Kumar,31.0,Female,Hyderabad,12.0,CMP01
DRV0159,Manish Ansari,37.0,,  Mumbai  ,3.0,
DRV0160,Ayesha Gupta,39.0,Male,Hyderabad,4.0,CMP01
DRV0161,Sneha Kumar,39.0,Male,jaipur,11.0,
DRV0162,Amit Pandey,41.0,Male,Noida,0.0,CMP03
DRV0163,Tanvi Menon,27.0,Female,Delhi,9.0,CMP03
DRV0164,Aadhya Singh,35.0,Female,Indore,10.0,CMP05
DRV0165,Sai Agarwal,27.0,Female,INDORE,7.0,CMP01
DRV0166,Riya Chauhan,39.0,male,Gurugram,4.0,CMP04
DRV0167,Kavya Malhotra,33.0,Male,Delhi,44.0,CMP08
DRV0168,Reyansh Patel,54.0,Male,  Mumbai  ,3.0,CMP04
DRV0169,Tanvi Patel,46.0,Male,Noida,5.0,CMP07
DRV0170,Saanvi Patel,39.0,Male,bhopal,10.0,CMP04
DRV0171,Suresh Ansari,36.0,Male,Faridabad,7.0,CMP04
DRV0172,Shreya Rao,-21.0,M,  Hyderabad  ,6.0,CMP08
DRV0173,Nikhil Chauhan,43.0,Female,  Bhopal  ,5.0,CMP08
DRV0174,Pooja Pandey,39.0,male,Kolkata,4.0,CMP05
DRV0175,Mohammed Yadav,31.0,Male,Pune,9.0,CMP08
DRV0176,Nikhil Iyer,32.0,Male,Chandigarh,3.0,CMP04
DRV0177,Dhruv Singh,31.0,Male,Delhi,10.0,CMP01
DRV0178,Krishna Desai,25.0,Male,Bangalore,6.0,CMP06
DRV0179,Karan Reddy,31.0,Female,Hyderabad,7.0,CMP02
DRV0180,Tanvi Verma,41.0,Female,Bhopal,0.0,CMP05
DRV0181,,29.0,Female,Ahmedabad,3.0,CMP08
DRV0182,Sandeep Sharma,22.0,Female,Indore,0.0,CMP08
DRV0183,Ira Desai,48.0,Male,Faridabad,1.0,CMP03
DRV0184,Priya Rathore,28.0,Male,Hyderabad,4.0,CMP05
DRV0185,Vihaan Desai,31.0,Female,PUNE,9.0,CMP02
DRV0186,Ganesh Singh,,Female,Kolkata,2.0,CMP02
DRV0187,Ganesh Chopra,42.0,Male,Jaipur,3.0,CMP08
DRV0188,Pari Nair,29.0,Male, Indore,7.0,
DRV0189,Sai Dubey,24.0,Female,Mumbai,4.0,CMP01
DRV0190,Sai Khan,30.0,Male,Ahmedabad,2.0,CMP06
DRV0191,Isha Kapoor,41.0,Female,Bangalore,4.0,CMP06
DRV0192,Sneha Gupta,41.0,Female,Noida,8.0,CMP08
DRV0193,Isha Nair,26.0,Female,Gurugram,7.0,CMP07
DRV0194,Amit Rathore,26.0,Male,Mumbai,6.0,CMP01
DRV0195,Vihaan Patel,56.0,Female,Noida,8.0,CMP06
DRV0196,Aditya Nair,33.0,,Delhi,2.0,CMP01
DRV0197,Navya Singh,35.0,Male,Hyderabad,3.0,CMP03
DRV0198,Karan Mishra,39.0,Female,Bangalore,9.0,CMP07
DRV0199,Vivaan Kapoor,34.0,Female,  Kolkata  ,5.0,CMP01
DRV0200,Aditya Chopra,39.0,Male,Ahmedabad,6.0,CMP02
DRV0201,Myra Desai,39.0,Male,BHOPAL,5.0,CMP05
DRV0202,Myra Shah,17.0,Male,MUMBAI,4.0,CMP06
DRV0203,Rahul Agarwal,33.0,Male,DELHI,1.0,CMP01
DRV0204,Dhruv Bansal,34.0,male,kolkata,6.0,CMP01
DRV0205,Farhan Chauhan,34.0,Female,AHMEDABAD,,CMP06
DRV0206,Priya Nair,23.0,Male,Noida,4.0,CMP02
DRV0207,Tanvi Pandey,34.0,Male,hyderabad,1.0,CMP99
DRV0208,Dhruv Iyer,35.0,Male,kolkata,12.0,CMP08
DRV0209,Aadhya Singh,35.0,Female,  Delhi  ,10.0,CMP02
DRV0210,Amit Agarwal,32.0,Male,Delhi,6.0,CMP01
DRV0211,Myra Verma,55.0,M,Lucknow,7.0,CMP07
DRV0212,Sai Pandey,25.0,Male,ahmedabad,6.0,CMP05
DRV0213,Amit Patel,52.0,F,Chandigarh,3.0,CMP06
DRV0214,Kiara Pandey,-50.0,Male,Indore,8.0,CMP04
DRV0215,Kabir Menon,27.0,Female,CHANDIGARH,0.0,CMP04
DRV0216,Simran Desai,39.0,M,  Mumbai  ,10.0,CMP07
DRV0217,Ira Tiwari,33.0,Female,  Bhopal  ,13.0,CMP02
DRV0218,Aadhya Yadav,26.0,Male,Pune,5.0,CMP05
DRV0219,Rahul Agarwal,39.0,Male, Chennai,2.0,CMP03
DRV0220,Nikhil Kapoor,44.0,Female,GURUGRAM,5.0,CMP03
DRV0221,Zara Nair,42.0,Male,ahmedabad,3.0,CMP05
DRV0222,Ananya Singh,19.0,Male,Ahmedabad,10.0,CMP07
DRV0223,Diya Patel,50.0,Male,Lucknow,1.0,CMP04
DRV0224,Saanvi Pandey,39.0,Male,FARIDABAD,4.0,CMP06
DRV0225,Rahul Rao,22.0,male,KOLKATA,1.0,CMP02
DRV0226,Simran Sharma,32.0,Male,Delhi,7.0,CMP05
DRV0227,Mohammed Patel,43.0,M,Kolkata,6.0,CMP02
DRV0228,Arjun Dubey,21.0,Male,Hyderabad,1.0,CMP04
DRV0229,Rehan Gupta,31.0,Male,mumbai,5.0,CMP01
DRV0230,Isha Malhotra,28.0,Male,Hyderabad,3.0,CMP05
DRV0231,Nikhil Iyer,27.0,Male,noida,9.0,CMP06
DRV0232,Dhruv Menon,29.0,Female,Gurugram,0.0,CMP03
DRV0233,Sai Rao,29.0,Female,Kolkata,10.0,CMP02
DRV0234,Rehan Ansari,42.0,Female,Ahmedabad,9.0,CMP02
DRV0235,Kabir Kumar,26.0,Female, Lucknow,11.0,CMP99
DRV0236,Sandeep Bansal,37.0,Male,chennai,6.0,CMP99
DRV0237,Shreya Khan,35.0,Male,Kolkata,1.0,CMP08
DRV0238,Shreya Malhotra,49.0,Male,Pune,11.0,CMP03
DRV0239,Ananya Agarwal,37.0,Female, Ahmedabad,8.0,CMP05
DRV0240,Pooja Shah,30.0,Male,Chennai,8.0,CMP05
DRV0241,Kavya Rathore,30.0,Male,ahmedabad,8.0,CMP06
DRV0242,Pari Pandey,30.0,Male,Lucknow,4.0,CMP04
DRV0243,Kabir Gupta,18.0,Female,Kolkata,11.0,CMP01
DRV0244,Mohammed Nair,36.0,,Jaipur,11.0,CMP07
DRV0245,Sandeep Yadav,42.0,Male,Delhi,0.0,CMP01
DRV0246,Aryan Pandey,34.0,Male,GURUGRAM,8.0,CMP03
DRV0247,Pooja Pandey,12.0,Male,Hyderabad,4.0,CMP04
DRV0248,Pooja Ansari,,M,BHOPAL,1.0,
DRV0249,Anika Mishra,30.0,Female,Chennai,5.0,CMP02
DRV0250,Rahul Iyer,34.0,Male,  Bhopal  ,11.0,CMP01
DRV0251,Krishna Chauhan,45.0,Male,Mumbai,0.0,CMP03
DRV0252,Arjun Iyer,33.0,Male,BANGALORE,1.0,CMP07
DRV0253,Aditya Patel,11.0,Female,Jaipur,10.0,CMP07
DRV0254,Aditya Nair,37.0,Male,CHENNAI,12.0,CMP07
DRV0255,Farhan Nair,32.0,Male, Chennai,8.0,CMP05
DRV0256,Nikhil Verma,48.0,Male,  Jaipur  ,10.0,CMP06
DRV0257,Rohan Yadav,30.0,Female,Bangalore,8.0,CMP08
DRV0258,Ganesh Malhotra,35.0,Female,Faridabad,3.0,CMP04
DRV0259,Isha Tiwari,44.0,Male,LUCKNOW,46.0,CMP06
DRV0260,Ayesha Ansari,30.0,Male,Mumbai,11.0,CMP08
DRV0261,Imran Kumar,40.0,Male,GURUGRAM,5.0,CMP03
DRV0262,Pooja Rao,35.0,Female,BANGALORE,2.0,CMP01
DRV0263,Rohan Ansari,31.0,Male, Jaipur,12.0,CMP08
DRV0264,Aadhya Pandey,,Male,delhi,9.0,CMP04
DRV0265,Riya Reddy,43.0,Male,kolkata,5.0,CMP07
DRV0266,Ramesh Nair,23.0,,ahmedabad,1.0,CMP08
DRV0267,Aryan Rao,40.0,Male, Chandigarh,4.0,CMP99
DRV0268,Isha Kapoor,55.0,F,Gurugram,1.0,CMP99
DRV0269,Pari Menon,29.0,Male,PUNE,4.0,CMP03
DRV0270,Sandeep Nair,31.0,Male,Faridabad,7.0,CMP01
DRV0271,Priya Saxena,,Male,Chandigarh,5.0,CMP04
DRV0272,Saanvi Khan,22.0,Female,Bangalore,5.0,
DRV0273,Ira Chopra,31.0,Male,  Mumbai  ,8.0,CMP08
DRV0274,Imran Yadav,37.0,F,NOIDA,0.0,CMP04
DRV0275,Shreya Agarwal,29.0,male,bhopal,6.0,CMP99
DRV0276,Simran Chauhan,29.0,Male,Pune,7.0,CMP99
DRV0277,Priya Iyer,35.0,Female,DELHI,7.0,CMP02
DRV0278,Saanvi Malhotra,36.0,Male,HYDERABAD,7.0,CMP06
DRV0279,Kiara Chauhan,25.0,Female,indore,8.0,
DRV0280,Nikhil Sharma,14.0,Male,Faridabad,2.0,CMP99
DRV0281,Rohan Sharma,45.0,Male,LUCKNOW,4.0,CMP07
DRV0282,Navya Verma,33.0,Male,  Bangalore  ,5.0,CMP05
DRV0283,Zara Dubey,,Female,Noida,6.0,CMP99
DRV0284,Sai Nair,33.0,Male,FARIDABAD,4.0,CMP01
DRV0285,Pooja Sharma,25.0,Female,Chandigarh,5.0,CMP02
DRV0286,Riya Bansal,36.0,Female,noida,6.0,CMP01
DRV0287,Vihaan Chauhan,32.0,Male,pune,9.0,CMP03
DRV0288,Mohammed Sharma,43.0,Male,  Mumbai  ,5.0,CMP05
DRV0289,Ananya Singh,32.0,Male, Kolkata,8.0,CMP04
DRV0290,Simran Dubey,42.0,Male,Jaipur,3.0,CMP02
DRV0291,Rehan Nair,20.0,Female,Delhi,5.0,CMP08
DRV0292,Arjun Verma,39.0,Male,Jaipur,7.0,CMP03
DRV0293,Ananya Ansari,46.0,Male,Hyderabad,9.0,CMP04
DRV0294,Rahul Agarwal,41.0,Male,Indore,2.0,CMP03
DRV0295,Nikhil Mishra,39.0,Female,Gurugram,7.0,CMP05
DRV0296,Rahul Agarwal,38.0,Female,Jaipur,1.0,CMP04
DRV0297,Pari Pandey,33.0,Female,GURUGRAM,,CMP02
DRV0298,Yash Patel,33.0,Male,INDORE,5.0,CMP07
DRV0299,Saanvi Agarwal,39.0,Female,Delhi,8.0,CMP05
DRV0300,Ira Kapoor,-32.0,Male,Pune,12.0,CMP01
DRV0301,Imran Rathore,40.0,Male,GURUGRAM,,CMP07
DRV0302,Pooja Patel,30.0,Female,Delhi,13.0,CMP05
DRV0303,Vihaan Desai,33.0,Female,  Faridabad  ,6.0,CMP08
DRV0304,Rohan Yadav,38.0,male,Bhopal,7.0,CMP05
DRV0305,Shreya Gupta,32.0,Female,BANGALORE,12.0,CMP99
DRV0306,Sneha Malhotra,50.0,Male,Chandigarh,10.0,CMP04
DRV0307,Suresh Verma,34.0,Female,Ahmedabad,7.0,CMP05
DRV0308,Nikhil Singh,38.0,Male,Mumbai,9.0,CMP07
DRV0309,Suresh Gupta,46.0,F,Mumbai,5.0,CMP04
DRV0310,Dhruv Menon,45.0,Male,Kolkata,4.0,CMP02
DRV0311,Arjun Shah,35.0,Male,Noida,2.0,CMP08
DRV0312,Simran Shah,34.0,Male,Delhi,6.0,CMP05
DRV0313,Yash Agarwal,42.0,Male,bhopal,0.0,CMP05
DRV0314,Sandeep Singh,,Female,  Lucknow  ,4.0,CMP06
DRV0315,Kabir Nair,30.0,Female,Kolkata,2.0,CMP08
DRV0316,Diya Mishra,39.0,Female,Chandigarh,10.0,CMP02
DRV0317,Kiara Saxena,47.0,Male,Pune,1.0,CMP05
DRV0318,Navya Rao,27.0,Male,Noida,7.0,
DRV0319,Rahul Saxena,36.0,Male,  Ahmedabad  ,6.0,CMP07
DRV0320,Vihaan Khan,36.0,Female,Jaipur,1.0,CMP99
DRV0321,Rehan Malhotra,40.0,Female,Chandigarh,9.0,CMP06
DRV0322,Saanvi Shah,,Male,  Pune  ,3.0,CMP06
DRV0323,Shreya Chopra,30.0,Female,mumbai,11.0,CMP03
DRV0324,Ishaan Reddy,44.0,M,Ahmedabad,0.0,CMP08
DRV0325,Isha Yadav,38.0,Male,Noida,5.0,CMP03
DRV0326,Rohan Agarwal,39.0,Female,Bhopal,6.0,CMP01
DRV0327,,20.0,,Delhi,6.0,
DRV0328,Dhruv Malhotra,,Female,  Chennai  ,2.0,CMP06
DRV0329,Shreya Kumar,38.0,Male, Ahmedabad,2.0,CMP06
DRV0330,Yash Patel,50.0,Female,Jaipur,6.0,CMP04
DRV0331,Krishna Sharma,39.0,Female,Lucknow,1.0,CMP08
DRV0332,Amit Ansari,47.0,Male,bangalore,5.0,CMP02
DRV0333,Diya Gupta,28.0,F, Faridabad,9.0,CMP05
DRV0334,Karan Patel,44.0,Male,MUMBAI,5.0,CMP02
DRV0335,Zara Malhotra,45.0,Female,Indore,9.0,CMP04
DRV0336,Vivaan Ansari,39.0,M,Chandigarh,6.0,CMP08
DRV0337,Aadhya Kumar,40.0,Male,DELHI,4.0,CMP03
DRV0338,Myra Kapoor,35.0,Female,noida,7.0,CMP08
DRV0339,Rohan Patel,39.0,Male,PUNE,7.0,
DRV0340,Sandeep Rao,29.0,Male,MUMBAI,8.0,CMP02
DRV0341,Ananya Kapoor,33.0,Female, Lucknow,11.0,CMP08
DRV0342,Ishaan Rao,47.0,Male,indore,9.0,CMP02
DRV0343,Kiara Kumar,47.0,Male,ahmedabad,9.0,CMP01
DRV0344,Krishna Malhotra,25.0,Male,Kolkata,11.0,CMP04
DRV0345,Isha Bansal,27.0,Female,Hyderabad,5.0,CMP08
DRV0346,Aadhya Rathore,40.0,Male,  Ahmedabad  ,0.0,CMP05
DRV0347,Vivaan Kapoor,34.0,Female,  Gurugram  ,4.0,CMP02
DRV0348,Mohammed Kapoor,45.0,Female,Mumbai,3.0,CMP05
DRV0349,Simran Patel,47.0,Female,indore,1.0,CMP05
DRV0350,Neha Rathore,,Male,Lucknow,9.0,CMP08
DRV0351,Sneha Verma,28.0,Female,Gurugram,8.0,CMP08
DRV0352,Rehan Kumar,35.0,F,Kolkata,10.0,CMP99
DRV0353,Manish Kapoor,26.0,Female,kolkata,3.0,CMP02
DRV0354,Rohan Chauhan,34.0,,Bangalore,5.0,CMP05
DRV0355,Priya Shah,-31.0,Male,Lucknow,7.0,CMP05
DRV0356,Karan Singh,31.0,Female,Kolkata,4.0,CMP01
DRV0357,Myra Menon,28.0,Female,Indore,4.0,CMP02
DRV0358,Diya Nair,37.0,Female,Kolkata,2.0,CMP04
DRV0359,Saanvi Tiwari,19.0,Male,Chennai,7.0,CMP03
DRV0360,Rohan Chopra,40.0,Female,CHENNAI,3.0,CMP01
DRV0361,Anika Mishra,35.0,Male,Jaipur,4.0,CMP07
DRV0362,Ishaan Iyer,18.0,F, Chennai,0.0,CMP01
DRV0363,Pari Chopra,28.0,Male,NOIDA,6.0,CMP07
DRV0364,Karan Rathore,24.0,Male,bhopal,7.0,CMP08
DRV0365,Farhan Chopra,26.0,Male,NOIDA,2.0,CMP06
DRV0366,Aryan Joshi,39.0,Female,Chennai,,CMP02
DRV0367,Sai Pandey,34.0,Female,CHANDIGARH,7.0,CMP04
DRV0368,Sai Tiwari,35.0,Female,chennai,4.0,CMP08
DRV0369,Priya Singh,44.0,Male,gurugram,4.0,CMP04
DRV0370,Manish Reddy,38.0,Male, Hyderabad,6.0,CMP08
DRV0371,Sai Rao,37.0,Male,noida,11.0,CMP05
DRV0372,Ayaan Tiwari,31.0,Female,FARIDABAD,3.0,CMP07
DRV0373,Simran Desai,39.0,Female,Chandigarh,14.0,CMP06
DRV0374,Ayesha Joshi,31.0,Male,NOIDA,2.0,CMP03
DRV0375,Anika Kapoor,22.0,Female, Faridabad,6.0,CMP02
DRV0376,Saanvi Dubey,22.0,Male,bhopal,,CMP07
DRV0377,Amit Mishra,40.0,Male,chennai,12.0,CMP99
DRV0378,Mohammed Yadav,57.0,Male,Kolkata,9.0,CMP02
DRV0379,Aditya Desai,21.0,,  Delhi  ,9.0,CMP02
DRV0380,Suresh Chopra,24.0,Female,  Faridabad  ,11.0,CMP01
DRV0381,Anika Menon,32.0,Male,LUCKNOW,4.0,CMP03
DRV0382,Sai Shah,31.0,Female,bangalore,3.0,CMP06
DRV0383,Ishaan Mishra,22.0,Male,pune,7.0,CMP06
DRV0384,Myra Desai,32.0,Male,Bangalore,8.0,CMP07
DRV0385,Diya Singh,46.0,Male,GURUGRAM,1.0,CMP04
DRV0386,Kiara Khan,30.0,male,BHOPAL,0.0,CMP03
DRV0387,Zara Kapoor,23.0,Male, Noida,6.0,CMP99
DRV0388,Rohan Desai,53.0,Male,Mumbai,10.0,CMP07
DRV0389,Simran Sharma,28.0,Female,Bhopal,,CMP03
DRV0390,Myra Kumar,31.0,Female,Mumbai,4.0,CMP03
DRV0391,Ramesh Dubey,32.0,Male,kolkata,7.0,CMP03
DRV0392,Ganesh Menon,40.0,Male,FARIDABAD,0.0,CMP06
DRV0393,Myra Sharma,42.0,Male,CHENNAI,8.0,CMP05
DRV0394,Ayesha Malhotra,38.0,Male, Jaipur,13.0,
DRV0395,Myra Menon,42.0,Male,AHMEDABAD,3.0,CMP05
DRV0396,,35.0,Male,Kolkata,3.0,CMP01
DRV0397,Amit Malhotra,32.0,Female,Mumbai,7.0,CMP07
DRV0398,Saanvi Gupta,33.0,Female,faridabad,8.0,CMP01
DRV0399,Krishna Reddy,36.0,Male,Pune,11.0,CMP04
DRV0400,Ananya Menon,30.0,M,Bangalore,5.0,CMP07
DRV0401,Karan Desai,36.0,Female,Hyderabad,10.0,CMP01
DRV0402,Tanvi Sharma,30.0,Male,Kolkata,1.0,CMP03
DRV0403,Riya Rathore,41.0,Female,Delhi,3.0,CMP04
DRV0404,Ishaan Chopra,39.0,Male,CHENNAI,3.0,CMP01
DRV0405,Rahul Iyer,35.0,Male,AHMEDABAD,4.0,CMP01
DRV0406,Vivaan Iyer,44.0,Female,Noida,8.0,CMP08
DRV0407,,41.0,Female,Delhi,3.0,CMP08
DRV0408,Ananya Singh,44.0,Female,indore,8.0,CMP08
DRV0409,Manish Bansal,37.0,Male,Delhi,8.0,CMP08
DRV0410,Ishaan Khan,29.0,Male,Kolkata,5.0,CMP05
DRV0411,Krishna Tiwari,32.0,Female,Kolkata,11.0,CMP04
DRV0412,Pooja Shah,28.0,Female,Delhi,8.0,CMP01
DRV0413,Ramesh Agarwal,30.0,Female,kolkata,3.0,CMP01
DRV0414,Sneha Gupta,38.0,Male,FARIDABAD,2.0,CMP07
DRV0415,Riya Nair,37.0,Female,Delhi,,CMP05
DRV0416,Ishaan Chopra,28.0,Male,CHANDIGARH,6.0,CMP02
DRV0417,Dhruv Menon,31.0,Male,Ahmedabad,9.0,CMP07
DRV0418,Riya Singh,40.0,Female,JAIPUR,5.0,CMP01
DRV0419,Sandeep Rathore,29.0,Male,Mumbai,2.0,CMP03
DRV0420,Suresh Khan,28.0,male,Noida,5.0,CMP07
DRV0421,Pooja Patel,27.0,Male,Hyderabad,5.0,CMP07
DRV0422,Zara Gupta,26.0,Male,Chandigarh,11.0,CMP05
DRV0423,Sneha Verma,34.0,Male,GURUGRAM,1.0,CMP08
DRV0424,Saanvi Bhatt,36.0,Male,Pune,9.0,CMP06
DRV0425,Karan Verma,21.0,Male,Delhi,11.0,CMP06
DRV0426,Pari Bansal,33.0,Male,Mumbai,6.0,CMP02
DRV0427,Pooja Patel,12.0,Male,Mumbai,6.0,CMP01
DRV0428,Reyansh Khan,26.0,Male,Chennai,2.0,CMP08
DRV0429,Saanvi Saxena,24.0,,BHOPAL,9.0,CMP08
DRV0430,Pooja Singh,52.0,Male,GURUGRAM,5.0,CMP04
DRV0431,Ayaan Kumar,47.0,Male,  Faridabad  ,1.0,CMP07
DRV0432,Yash Desai,25.0,male, Lucknow,7.0,CMP02
DRV0433,Ishaan Mishra,38.0,Male,Chennai,4.0,CMP06
DRV0434,Sneha Tiwari,30.0,M,Ahmedabad,6.0,CMP08
DRV0435,Shreya Saxena,40.0,F,Delhi,11.0,CMP02
DRV0436,Kabir Bansal,33.0,Male,Bhopal,5.0,CMP03
DRV0437,Ramesh Mishra,45.0,Male,Gurugram,9.0,CMP05
DRV0438,Sai Mishra,49.0,Female,Mumbai,2.0,CMP05
DRV0439,Myra Chopra,39.0,M,Chandigarh,8.0,CMP01
DRV0440,Aryan Menon,30.0,Male,bangalore,11.0,CMP07
DRV0441,Simran Kumar,38.0,Female, Chandigarh,8.0,CMP04
DRV0442,Sneha Rao,45.0,Male,Bangalore,8.0,CMP06
DRV0443,Anika Chopra,39.0,Female,hyderabad,6.0,
DRV0444,Anika Desai,35.0,Male,Hyderabad,2.0,CMP07
DRV0445,Tanvi Rao,41.0,Male,chandigarh,59.0,CMP08
DRV0446,Zara Gupta,37.0,Male,Faridabad,9.0,CMP08
DRV0447,Mohammed Tiwari,25.0,Female,gurugram,1.0,CMP06
DRV0448,Aarav Rao,29.0,Male,HYDERABAD,5.0,CMP02
DRV0449,Aditya Singh,36.0,Male, Ahmedabad,12.0,CMP02
DRV0450,Isha Agarwal,43.0,Male,BHOPAL,3.0,CMP04
DRV0451,Diya Rathore,50.0,Male,Chandigarh,5.0,
DRV0452,Manish Rathore,45.0,F,KOLKATA,7.0,CMP05
DRV0453,Priya Kapoor,29.0,Female,Noida,6.0,CMP02
DRV0454,Ganesh Reddy,,Female,Hyderabad,9.0,CMP05
DRV0455,Aryan Bansal,27.0,Female,INDORE,9.0,CMP01
DRV0456,Ramesh Pandey,30.0,Female,Indore,4.0,CMP03
DRV0457,Karan Gupta,40.0,Female,  Kolkata  ,4.0,CMP01
DRV0458,Sandeep Saxena,39.0,Male,BANGALORE,3.0,CMP03
DRV0459,Sandeep Rao,22.0,Female,LUCKNOW,5.0,CMP03
DRV0460,Vivaan Agarwal,31.0,Female,Hyderabad,8.0,CMP07
DRV0461,Riya Sharma,52.0,Female,Gurugram,3.0,CMP05
DRV0462,Myra Pandey,37.0,Male,Bhopal,9.0,CMP03
DRV0463,Aarav Rao,34.0,Female,kolkata,1.0,CMP08
DRV0464,Ganesh Chopra,30.0,Female,Chennai,9.0,CMP07
DRV0465,Rohan Iyer,24.0,Female,Bangalore,6.0,CMP07
DRV0466,Krishna Chopra,30.0,Male,lucknow,2.0,CMP08
DRV0467,Shreya Khan,27.0,Male,Jaipur,4.0,CMP07
DRV0468,Pooja Malhotra,44.0,Male,Kolkata,9.0,CMP06
DRV0469,Sai Pandey,34.0,Female,Delhi,2.0,CMP03
DRV0470,Pooja Mishra,35.0,Female,Bhopal,14.0,CMP06
DRV0471,Diya Desai,36.0,Male,Hyderabad,3.0,CMP04
DRV0472,Saanvi Shah,54.0,Female,AHMEDABAD,4.0,CMP03
DRV0473,Sneha Pandey,42.0,Male,MUMBAI,6.0,CMP05
DRV0474,Ira Bhatt,32.0,Male,mumbai,2.0,CMP08
DRV0475,Sai Iyer,41.0,Male,CHANDIGARH,8.0,CMP02
DRV0476,Reyansh Khan,,Male,Jaipur,13.0,CMP04
DRV0477,Ira Gupta,37.0,Male,  Hyderabad  ,1.0,CMP07
DRV0478,Anika Patel,34.0,Male,Mumbai,0.0,CMP06
DRV0479,Krishna Desai,35.0,Male,  Faridabad  ,7.0,CMP07
DRV0480,Myra Patel,25.0,Male, Ahmedabad,,CMP03
DRV0481,Arjun Iyer,35.0,male,Lucknow,4.0,CMP02
DRV0482,Shreya Ansari,44.0,Female,pune,3.0,CMP04
DRV0483,Krishna Bansal,37.0,F, Indore,12.0,CMP06
DRV0484,Nikhil Rathore,30.0,Male,kolkata,4.0,CMP03
DRV0485,Karan Tiwari,28.0,Female,ahmedabad,8.0,
DRV0486,Anika Menon,38.0,Female,pune,2.0,CMP03
DRV0487,Ishaan Gupta,40.0,Male,Mumbai,1.0,CMP06
DRV0488,Dhruv Tiwari,38.0,Male,Chennai,4.0,CMP02
DRV0489,Karan Reddy,23.0,M,mumbai,2.0,CMP03
DRV0490,Amit Yadav,38.0,Male,pune,7.0,
DRV0491,Sneha Agarwal,40.0,Female,Mumbai,1.0,CMP07
DRV0492,Sai Tiwari,34.0,Male,Lucknow,59.0,
DRV0493,Rehan Kumar,,Female,Kolkata,11.0,CMP01
DRV0494,Ganesh Sharma,22.0,Male,Chennai,1.0,CMP08
DRV0495,Krishna Chauhan,27.0,Male,Bhopal,3.0,CMP06
DRV0496,Ganesh Bansal,30.0,Female,Mumbai,9.0,CMP07
DRV0497,Kabir Menon,35.0,Male,mumbai,8.0,CMP04
DRV0498,Vivaan Bansal,,Male,Mumbai,7.0,CMP06
DRV0499,Tanvi Pandey,32.0,Female,ahmedabad,1.0,CMP01
DRV0500,Saanvi Joshi,43.0,Female, Noida,13.0,CMP07
